{
    "bpm": 140,
    "addToMusicPosition": 0,
	"oggmusic":	"songs/Concerto/Concerto.ogg",
	"mp3music":	"songs/Concerto/Concerto.mp3",
	"background":	"songs/Concerto/Concerto-bg.PNG",
	"stops"	:	[ [ 84.000, 1.286, {} ], [ 89.000, 1.286, {}] , [ 94.000, 1.286, {}], [ 105.000, 0.214, {}], [ 105.500, 0.214, {}] ],
	"noteData" : [
		{
			"level": "Beginner",
			"number": 1,
			"notes": [[16,0,{}],[24,0,{}],[48,0,{}],[84,0,{}],[94,0,{}],[116,0,{}],[130,0,{}],[138,0,{}],[154,0,{}],[170,0,{}],[218,0,{}],[234,0,{}],[110,1,{}],[60,1,{}],[122,1,{}],[76,1,{}],[132,1,{}],[78,1,{}],[146,1,{}],[80,1,{}],[166,1,{}],[40,1,{}],[186,1,{}],[210,1,{}],[89,1,{}],[226,1,{}],[20,1,{}],[114,2,{}],[72,2,{}],[32,2,{}],[126,2,{}],[52,2,{}],[54,2,{}],[134,2,{}],[56,2,{}],[142,2,{}],[44,2,{}],[150,2,{}],[89,2,{}],[162,2,{}],[68,2,{}],[168,2,{}],[99,2,{}],[178,2,{}],[100,2,{}],[202,2,{}],[101,2,{}],[214,2,{}],[102,2,{}],[103,2,{}],[230,2,{}],[70,2,{}],[97,3,{}],[136,3,{}],[84,3,{}],[28,3,{}],[194,3,{}],[118,3,{}],[206,3,{}],[64,3,{}],[36,3,{}],[158,3,{}],[222,3,{}],[94,3,{}],[164,3,{}],[108,3,{}],[234,3,{}]]
		},
		{
			"level": "Medium",
			"number":6,
			"notes": [[18.5,0,{}],[22,0,{}],[28,0,{}],[32,0,{}],[38,0,{}],[44,0,{}],[44.5,0,{}],[48,0,{}],[57.5,0,{}],[58.5,0,{}],[59.5,0,{}],[61,0,{}],[64,0,{}],[65,0,{}],[70,0,{}],[71,0,{}],[74,0,{}],[76.5,0,{}],[79,0,{}],[80,0,{"Duration":84,"SubType":0,"Type":2}],[86,0,{}],[87,0,{}],[88,0,{}],[103.33333,0,{}],[104,0,{}],[104.66667,0,{}],[109,0,{}],[113.5,0,{}],[118.5,0,{}],[120,0,{}],[124.5,0,{}],[127.5,0,{}],[128,0,{}],[130,0,{}],[134.5,0,{}],[139.5,0,{}],[145,0,{}],[147.5,0,{}],[149,0,{}],[153,0,{}],[158.5,0,{}],[160,0,{}],[161,0,{}],[162,0,{}],[166,0,{}],[169,0,{}],[172,0,{}],[187.5,0,{}],[200,0,{"Duration":202,"SubType":0,"Type":2}],[206.5,0,{}],[211,0,{}],[216.5,0,{}],[219,0,{}],[221,0,{}],[223.5,0,{}],[228.5,0,{}],[229,0,{}],[232,0,{}],[107.5,1,{}],[17,1,{}],[111,1,{}],[111.5,1,{}],[112.5,1,{}],[33,1,{}],[115,1,{}],[117.5,1,{}],[35.5,1,{}],[119,1,{}],[63.5,1,{}],[120.5,1,{}],[123.5,1,{}],[36,1,{}],[125.5,1,{}],[22.5,1,{}],[67,1,{}],[69,1,{}],[131.5,1,{}],[38.5,1,{"Duration":39.5,"SubType":0,"Type":2}],[136,1,{}],[137,1,{}],[138.5,1,{}],[42,1,{}],[141,1,{}],[143,1,{}],[72.5,1,{}],[146,1,{}],[147,1,{}],[24,1,{}],[148,1,{}],[75,1,{}],[151,1,{}],[26.5,1,{}],[154,1,{}],[155,1,{}],[156.5,1,{}],[158,1,{}],[77,1,{}],[159,1,{}],[46,1,{}],[20,1,{}],[49.5,1,{}],[165,1,{}],[50.5,1,{}],[166.5,1,{}],[168.5,1,{}],[51.5,1,{}],[170.5,1,{}],[90,1,{"Duration":94,"SubType":0,"Type":2}],[173,1,{}],[179,1,{}],[186,1,{}],[99,1,{}],[189.5,1,{}],[196.5,1,{}],[100,1,{}],[202,1,{}],[205,1,{}],[101,1,{}],[208,1,{}],[209,1,{}],[102,1,{}],[212,1,{}],[216,1,{}],[103,1,{}],[217,1,{}],[55,1,{}],[220,1,{}],[103.66667,1,{}],[222.5,1,{}],[57,1,{}],[224,1,{}],[225,1,{}],[227,1,{}],[104.33333,1,{}],[30,1,{}],[230.5,1,{}],[105,1,{}],[234,1,{"Duration":238,"SubType":0,"Type":2}],[146.5,2,{}],[19,2,{}],[68,2,{}],[49,2,{}],[69,2,{}],[27,2,{}],[152,2,{}],[37,2,{}],[16,2,{}],[154.5,2,{}],[106,2,{}],[73,2,{}],[108,2,{}],[53.5,2,{}],[110,2,{"Duration":111.5,"SubType":0,"Type":2}],[54.5,2,{}],[76,2,{}],[29,2,{}],[163,2,{}],[55.5,2,{}],[78,2,{}],[116,2,{}],[167,2,{}],[168,2,{}],[116.5,2,{}],[39.5,2,{}],[40,2,{}],[171,2,{}],[23,2,{}],[43,2,{}],[178,2,{}],[21,2,{}],[180.5,2,{}],[181.5,2,{}],[121,2,{}],[122,2,{}],[188.5,2,{}],[63,2,{}],[195,2,{}],[91,2,{}],[197.5,2,{}],[92,2,{}],[126.5,2,{}],[203,2,{}],[93,2,{}],[206,2,{}],[95.5,2,{}],[207,2,{}],[129.5,2,{}],[96.5,2,{}],[210,2,{}],[131,2,{}],[97.5,2,{}],[213,2,{}],[214.5,2,{}],[132.5,2,{}],[98.5,2,{}],[135.5,2,{}],[218,2,{}],[25,2,{}],[99.5,2,{}],[137,2,{}],[45,2,{}],[223,2,{}],[139,2,{}],[100.5,2,{}],[140,2,{}],[225,2,{}],[34,2,{}],[228,2,{}],[101.5,2,{}],[144,2,{}],[65,2,{}],[231,2,{}],[145,2,{}],[233,2,{}],[102.5,2,{}],[61.5,3,{}],[81,3,{}],[187,3,{}],[82,3,{}],[121.5,3,{}],[83,3,{}],[194,3,{}],[123,3,{}],[195.5,3,{}],[85,3,{"Duration":89,"SubType":0,"Type":2}],[150,3,{}],[62.5,3,{}],[47,3,{}],[71,3,{}],[204,3,{}],[72,3,{}],[26,3,{}],[129,3,{}],[156,3,{}],[18,3,{}],[208.5,3,{}],[157,3,{}],[107,3,{}],[31,3,{}],[95,3,{}],[74.5,3,{}],[214,3,{}],[160.5,3,{}],[215,3,{}],[133.5,3,{}],[161.5,3,{}],[96,3,{}],[41,3,{}],[164,3,{}],[97,3,{}],[66,3,{}],[222,3,{}],[113,3,{}],[138,3,{}],[167.5,3,{}],[98,3,{}],[114,3,{"Duration":116,"SubType":0,"Type":2}],[34.5,3,{"Duration":35.5,"SubType":0,"Type":2}],[226,3,{}],[226.5,3,{}],[170,3,{}],[67,3,{}],[53,3,{}],[142,3,{}],[230,3,{}],[78.5,3,{}],[143,3,{}],[178.5,3,{}],[46.5,3,{}],[79.5,3,{}],[234,3,{"Duration":238,"SubType":0,"Type":2}]]
		},
		{
			"level": "Hard",
			"number": 8,
			"notes":[[16,0,{}],[17,0,{}],[18,0,{}],[19,0,{}],[22,0,{}],[24,0,{}],[26.5,0,{}],[29.5,0,{}],[31,0,{}],[31.5,0,{}],[34.5,0,{}],[36.5,0,{}],[38.5,0,{}],[40.5,0,{}],[43.5,0,{}],[44.5,0,{}],[48,0,{"Duration":55.5,"SubType":0,"Type":2}],[56,0,{}],[57,0,{}],[57.5,0,{}],[58.5,0,{}],[59.5,0,{}],[61,0,{}],[61.5,0,{}],[62.5,0,{}],[63,0,{}],[63.5,0,{}],[66,0,{}],[71,0,{}],[73,0,{}],[75,0,{}],[77,0,{}],[78.5,0,{}],[80,0,{}],[81,0,{}],[86.5,0,{}],[88,0,{}],[90,0,{}],[92,0,{}],[95,0,{}],[98.5,0,{}],[99,0,{}],[102.5,0,{}],[103,0,{}],[103.66667,0,{}],[104.33333,0,{}],[105,0,{}],[105.5,0,{}],[107.5,0,{}],[108,0,{}],[111.5,0,{}],[113.5,0,{}],[116.5,0,{}],[120,0,{}],[121.5,0,{}],[127.5,0,{}],[129.5,0,{}],[132.5,0,{}],[135.5,0,{}],[140,0,{}],[142.5,0,{}],[144,0,{}],[146,0,{}],[146.75,0,{}],[149,0,{}],[151.5,0,{}],[152.5,0,{}],[153,0,{}],[156,0,{}],[159,0,{}],[161,0,{}],[167,0,{}],[169,0,{}],[172,0,{"Duration":175,"SubType":0,"Type":2}],[180.5,0,{"Duration":183,"SubType":0,"Type":2}],[186,0,{}],[194,0,{}],[198,0,{}],[202,0,{}],[203,0,{}],[204,0,{}],[212.5,0,{}],[215,0,{}],[217,0,{}],[219,0,{}],[221.5,0,{}],[229.5,0,{}],[232,0,{}],[75.5,1,{}],[76,1,{}],[117.5,1,{}],[119,1,{}],[46.5,1,{}],[121,1,{}],[30,1,{}],[122,1,{}],[125.5,1,{}],[79,1,{}],[129,1,{}],[23,1,{}],[130,1,{}],[19.5,1,{}],[134.5,1,{}],[82,1,{}],[137,1,{}],[139.5,1,{}],[83,1,{}],[142,1,{}],[86,1,{}],[143,1,{}],[32.5,1,{}],[87,1,{}],[146.25,1,{}],[25,1,{}],[147,1,{}],[148.5,1,{}],[88,1,{}],[149.5,1,{}],[36,1,{}],[26,1,{}],[37.5,1,{}],[154.25,1,{}],[155,1,{}],[95.5,1,{}],[158,1,{}],[98,1,{}],[159.5,1,{}],[160.5,1,{}],[21,1,{}],[162,1,{}],[162.75,1,{}],[39.5,1,{}],[100,1,{}],[169,1,{}],[171,1,{}],[101.5,1,{}],[179,1,{}],[27,1,{}],[181.5,1,{"Duration":183,"SubType":0,"Type":2}],[64.25,1,{}],[187,1,{}],[187.5,1,{}],[41.5,1,{}],[195,1,{}],[66.75,1,{}],[199,1,{}],[69,1,{}],[202.5,1,{}],[29,1,{}],[106.5,1,{}],[205,1,{}],[208,1,{}],[210,1,{}],[44,1,{}],[213.5,1,{}],[214,1,{"Duration":217,"SubType":0,"Type":2}],[74.5,1,{}],[108,1,{}],[109,1,{}],[220.5,1,{}],[111,1,{}],[223,1,{}],[225,1,{}],[226.5,1,{}],[17.5,1,{}],[230.5,1,{}],[231.5,1,{}],[112.5,1,{}],[83,2,{}],[152,2,{}],[85.5,2,{}],[64.75,2,{}],[154,2,{}],[25.5,2,{}],[154.75,2,{}],[113,2,{}],[66.25,2,{}],[156.5,2,{}],[157.5,2,{}],[114,2,{}],[158.5,2,{}],[116,2,{}],[45,2,{}],[160,2,{}],[46,2,{}],[70,2,{}],[90.5,2,{}],[162.25,2,{}],[120.5,2,{}],[164.25,2,{}],[166.5,2,{}],[91.5,2,{}],[167.5,2,{}],[168,2,{}],[16.5,2,{}],[93,2,{}],[123,2,{}],[171.5,2,{}],[124.5,2,{}],[178,2,{}],[178.5,2,{}],[72.5,2,{}],[37,2,{}],[96,2,{}],[97.5,2,{}],[186.5,2,{}],[73.5,2,{}],[131.5,2,{}],[189.5,2,{"Duration":191,"SubType":0,"Type":2}],[30.5,2,{}],[133.5,2,{}],[197,2,{}],[23.5,2,{}],[99.5,2,{}],[201,2,{}],[39,2,{}],[138.25,2,{}],[139,2,{}],[203.5,2,{}],[21.5,2,{}],[102,2,{}],[206,2,{"Duration":209,"SubType":0,"Type":2}],[140.5,2,{}],[141.5,2,{}],[210.5,2,{}],[212,2,{}],[76,2,{}],[28,2,{}],[213.75,2,{}],[41,2,{}],[143.5,2,{}],[216,2,{}],[33.5,2,{}],[218.5,2,{}],[42,2,{}],[219.5,2,{}],[80.5,2,{}],[43,2,{}],[222,2,{"Duration":225,"SubType":0,"Type":2}],[107,2,{}],[147.5,2,{}],[226,2,{}],[81.5,2,{}],[227,2,{}],[228.5,2,{}],[20,2,{}],[35.5,2,{}],[150,2,{}],[151,2,{}],[232.5,2,{}],[234,2,{"Duration":238,"SubType":0,